time,target_x,target_y,target_z,target_yaw,x,y,z,yaw
0.0251,1.0000,-1.0000,2.0000,0.0000,0.8498,-1.6768,0.6843,-3.0645
0.1281,1.0000,-1.0000,2.0000,0.0000,0.8472,-1.6768,0.7248,-3.0573
0.2304,1.0000,-1.0000,2.0000,0.0000,0.8467,-1.6756,0.7599,-3.0038
0.3016,1.0000,-1.0000,2.0000,0.0000,0.8476,-1.6708,0.7943,-2.9456
0.4060,1.0000,-1.0000,2.0000,0.0000,0.8502,-1.6599,0.8298,-2.8777
0.5022,1.0000,-1.0000,2.0000,0.0000,0.8552,-1.6429,0.8628,-2.8140
0.6055,1.0000,-1.0000,2.0000,0.0000,0.8614,-1.6156,0.9005,-2.7425
0.7057,1.0000,-1.0000,2.0000,0.0000,0.8682,-1.5832,0.9356,-2.6776
0.8054,1.0000,-1.0000,2.0000,0.0000,0.8745,-1.5456,0.9709,-2.6144
0.9056,1.0000,-1.0000,2.0000,0.0000,0.8796,-1.5031,1.0068,-2.5510
1.0061,1.0000,-1.0000,2.0000,0.0000,0.8838,-1.4581,1.0432,-2.4880
1.1059,1.0000,-1.0000,2.0000,0.0000,0.8878,-1.4113,1.0790,-2.4313
1.2055,1.0000,-1.0000,2.0000,0.0000,0.8920,-1.3641,1.1153,-2.3735
1.3054,1.0000,-1.0000,2.0000,0.0000,0.8967,-1.3177,1.1510,-2.3235
1.4064,1.0000,-1.0000,2.0000,0.0000,0.9017,-1.2724,1.1870,-2.2697
1.5057,1.0000,-1.0000,2.0000,0.0000,0.9076,-1.2293,1.2225,-2.2116
1.6060,1.0000,-1.0000,2.0000,0.0000,0.9131,-1.1887,1.2586,-2.1613
1.7053,1.0000,-1.0000,2.0000,0.0000,0.9188,-1.1514,1.2945,-2.1059
1.8051,1.0000,-1.0000,2.0000,0.0000,0.9245,-1.1175,1.3299,-2.0488
1.9053,1.0000,-1.0000,2.0000,0.0000,0.9298,-1.0871,1.3652,-1.9928
2.0066,1.0000,-1.0000,2.0000,0.0000,0.9347,-1.0604,1.4000,-1.9408
2.1079,1.0000,-1.0000,2.0000,0.0000,0.9387,-1.0376,1.4342,-1.8819
2.2125,1.0000,-1.0000,2.0000,0.0000,0.9421,-1.0172,1.4682,-1.8175
2.3091,1.0000,-1.0000,2.0000,0.0000,0.9446,-1.0007,1.4982,-1.7583
2.4077,1.0000,-1.0000,2.0000,0.0000,0.9461,-0.9874,1.5253,-1.6996
2.5092,1.0000,-1.0000,2.0000,0.0000,0.9472,-0.9749,1.5514,-1.6441
2.6095,1.0000,-1.0000,2.0000,0.0000,0.9481,-0.9653,1.5746,-1.5785
2.7099,1.0000,-1.0000,2.0000,0.0000,0.9483,-0.9570,1.5958,-1.5227
2.8107,1.0000,-1.0000,2.0000,0.0000,0.9488,-0.9504,1.6151,-1.4617
2.9096,1.0000,-1.0000,2.0000,0.0000,0.9491,-0.9451,1.6328,-1.3963
3.0094,1.0000,-1.0000,2.0000,0.0000,0.9494,-0.9411,1.6490,-1.3366
3.1106,1.0000,-1.0000,2.0000,0.0000,0.9494,-0.9384,1.6640,-1.2716
3.2184,1.0000,-1.0000,2.0000,0.0000,0.9491,-0.9375,1.6731,-1.2312
3.3099,1.0000,-1.0000,2.0000,0.0000,0.9475,-0.9371,1.6914,-1.1459
3.4112,1.0000,-1.0000,2.0000,0.0000,0.9456,-0.9386,1.7043,-1.0827
3.5146,1.0000,-1.0000,2.0000,0.0000,0.9432,-0.9410,1.7161,-1.0194
3.6099,1.0000,-1.0000,2.0000,0.0000,0.9407,-0.9440,1.7269,-0.9587
3.7134,1.0000,-1.0000,2.0000,0.0000,0.9386,-0.9468,1.7352,-0.9104
3.8137,1.0000,-1.0000,2.0000,0.0000,0.9357,-0.9508,1.7456,-0.8423
3.9162,1.0000,-1.0000,2.0000,0.0000,0.9327,-0.9550,1.7553,-0.7827
4.0208,1.0000,-1.0000,2.0000,0.0000,0.9293,-0.9593,1.7644,-0.7208
4.1200,1.0000,-1.0000,2.0000,0.0000,0.9258,-0.9636,1.7725,-0.6589
4.2413,1.0000,-1.0000,2.0000,0.0000,0.9224,-0.9679,1.7803,-0.5924
4.3295,1.0000,-1.0000,2.0000,0.0000,0.9189,-0.9728,1.7878,-0.5287
4.4265,1.0000,-1.0000,2.0000,0.0000,0.9154,-0.9778,1.7950,-0.4672
4.5309,1.0000,-1.0000,2.0000,0.0000,0.9133,-0.9830,1.8013,-0.4123
4.6339,1.0000,-1.0000,2.0000,0.0000,0.9119,-0.9898,1.8084,-0.3536
4.7353,1.0000,-1.0000,2.0000,0.0000,0.9118,-0.9943,1.8130,-0.3236
4.8396,1.0000,-1.0000,2.0000,0.0000,0.9129,-1.0002,1.8182,-0.2886
4.9402,1.0000,-1.0000,2.0000,0.0000,0.9148,-1.0060,1.8236,-0.2615
5.0137,1.0000,-1.0000,2.0000,0.0000,0.9175,-1.0116,1.8286,-0.2332
5.1463,1.0000,-1.0000,2.0000,0.0000,0.9210,-1.0175,1.8338,-0.2108
5.2177,1.0000,-1.0000,2.0000,0.0000,0.9251,-1.0231,1.8385,-0.1910
5.3184,1.0000,-1.0000,2.0000,0.0000,0.9297,-1.0285,1.8431,-0.1751
5.4186,1.0000,-1.0000,2.0000,0.0000,0.9345,-1.0337,1.8477,-0.1606
5.5184,1.0000,-1.0000,2.0000,0.0000,0.9393,-1.0387,1.8521,-0.1473
5.6186,1.0000,-1.0000,2.0000,0.0000,0.9442,-1.0430,1.8558,-0.1340
5.7177,1.0000,-1.0000,2.0000,0.0000,0.9487,-1.0469,1.8594,-0.1219
5.8176,1.0000,-1.0000,2.0000,0.0000,0.9530,-1.0502,1.8625,-0.1152
5.9184,1.0000,-1.0000,2.0000,0.0000,0.9567,-1.0531,1.8651,-0.1074
6.0179,1.0000,-1.0000,2.0000,0.0000,0.9602,-1.0552,1.8679,-0.1001
6.1186,1.0000,-1.0000,2.0000,0.0000,0.9633,-1.0569,1.8704,-0.0940
6.2182,1.0000,-1.0000,2.0000,0.0000,0.9661,-1.0581,1.8729,-0.0876
6.3180,1.0000,-1.0000,2.0000,0.0000,0.9686,-1.0591,1.8755,-0.0808
6.4175,1.0000,-1.0000,2.0000,0.0000,0.9707,-1.0600,1.8782,-0.0794
6.5176,1.0000,-1.0000,2.0000,0.0000,0.9731,-1.0609,1.8813,-0.0732
6.6216,1.0000,-1.0000,2.0000,0.0000,0.9754,-1.0616,1.8844,-0.0696
6.7217,1.0000,-1.0000,2.0000,0.0000,0.9777,-1.0619,1.8873,-0.0654
6.8213,1.0000,-1.0000,2.0000,0.0000,0.9801,-1.0623,1.8899,-0.0638
6.9243,1.0000,-1.0000,2.0000,0.0000,0.9825,-1.0620,1.8929,-0.0585
7.0232,1.0000,-1.0000,2.0000,0.0000,0.9853,-1.0616,1.8951,-0.0575
7.1216,1.0000,-1.0000,2.0000,0.0000,0.9879,-1.0608,1.8974,-0.0568
7.2225,1.0000,-1.0000,2.0000,0.0000,0.9907,-1.0600,1.8996,-0.0605
7.3223,1.0000,-1.0000,2.0000,0.0000,0.9933,-1.0591,1.9016,-0.0580
7.4219,1.0000,-1.0000,2.0000,0.0000,0.9960,-1.0582,1.9033,-0.0603
7.5216,1.0000,-1.0000,2.0000,0.0000,0.9987,-1.0572,1.9050,-0.0608
7.6216,1.0000,-1.0000,2.0000,0.0000,1.0014,-1.0562,1.9066,-0.0600
7.7219,1.0000,-1.0000,2.0000,0.0000,1.0043,-1.0553,1.9082,-0.0604
7.8212,1.0000,-1.0000,2.0000,0.0000,1.0071,-1.0546,1.9096,-0.0590
7.9216,1.0000,-1.0000,2.0000,0.0000,1.0100,-1.0540,1.9113,-0.0598
8.0213,1.0000,-1.0000,2.0000,0.0000,1.0131,-1.0537,1.9129,-0.0566
8.1214,1.0000,-1.0000,2.0000,0.0000,1.0160,-1.0536,1.9145,-0.0567
8.2215,1.0000,-1.0000,2.0000,0.0000,1.0188,-1.0536,1.9162,-0.0558
8.3254,1.0000,-1.0000,2.0000,0.0000,1.0215,-1.0534,1.9179,-0.0559
8.4222,1.0000,-1.0000,2.0000,0.0000,1.0233,-1.0532,1.9187,-0.0531
8.5224,1.0000,-2.0000,3.0000,-1.5000,1.0260,-1.0528,1.9199,-0.0540
8.6276,1.0000,-2.0000,3.0000,-1.5000,1.0289,-1.0523,1.9209,-0.0604
8.7293,1.0000,-2.0000,3.0000,-1.5000,1.0325,-1.0546,1.9262,-0.1116
8.8321,1.0000,-2.0000,3.0000,-1.5000,1.0361,-1.0638,1.9419,-0.1748
8.9335,1.0000,-2.0000,3.0000,-1.5000,1.0378,-1.0819,1.9630,-0.2346
9.0343,1.0000,-2.0000,3.0000,-1.5000,1.0375,-1.1115,1.9892,-0.2959
9.1391,1.0000,-2.0000,3.0000,-1.5000,1.0352,-1.1538,2.0215,-0.3578
9.2412,1.0000,-2.0000,3.0000,-1.5000,1.0314,-1.2048,2.0564,-0.4231
9.3436,1.0000,-2.0000,3.0000,-1.5000,1.0261,-1.2674,2.0944,-0.4917
9.4467,1.0000,-2.0000,3.0000,-1.5000,1.0198,-1.3366,2.1319,-0.5563
9.5461,1.0000,-2.0000,3.0000,-1.5000,1.0113,-1.4158,2.1717,-0.6214
9.6523,1.0000,-2.0000,3.0000,-1.5000,1.0014,-1.5001,2.2116,-0.6878
9.7550,1.0000,-2.0000,3.0000,-1.5000,0.9905,-1.5831,2.2497,-0.7530
9.9657,1.0000,-2.0000,3.0000,-1.5000,0.9767,-1.6834,2.2962,-0.8351
9.9668,1.0000,-2.0000,3.0000,-1.5000,0.9670,-1.7556,2.3328,-0.8942
10.0704,1.0000,-2.0000,3.0000,-1.5000,0.9564,-1.8395,2.3786,-0.9732
10.1990,1.0000,-2.0000,3.0000,-1.5000,0.9556,-1.8469,2.3823,-0.9756
10.2696,1.0000,-2.0000,3.0000,-1.5000,0.9474,-1.9423,2.4253,-1.0835
10.4763,1.0000,-2.0000,3.0000,-1.5000,0.9469,-1.9690,2.4423,-1.1255
10.4790,1.0000,-2.0000,3.0000,-1.5000,0.9494,-2.0043,2.4742,-1.1794
10.5778,1.0000,-2.0000,3.0000,-1.5000,0.9533,-2.0206,2.4952,-1.2183
10.6780,1.0000,-2.0000,3.0000,-1.5000,0.9599,-2.0274,2.5073,-1.2463
10.8222,1.0000,-2.0000,3.0000,-1.5000,0.9688,-2.0268,2.5175,-1.2685
10.8806,1.0000,-2.0000,3.0000,-1.5000,0.9778,-2.0213,2.5285,-1.2866
11.0050,1.0000,-2.0000,3.0000,-1.5000,0.9905,-2.0111,2.5444,-1.3113
11.2472,1.0000,-2.0000,3.0000,-1.5000,0.9922,-2.0092,2.5456,-1.3122
11.2500,1.0000,-2.0000,3.0000,-1.5000,1.0278,-1.9759,2.5947,-1.3689
11.3496,1.0000,-2.0000,3.0000,-1.5000,1.0399,-1.9646,2.6126,-1.3841
11.4500,1.0000,-2.0000,3.0000,-1.5000,1.0494,-1.9570,2.6233,-1.3922
11.5513,1.0000,-2.0000,3.0000,-1.5000,1.0551,-1.9542,2.6292,-1.3990
11.6497,1.0000,-2.0000,3.0000,-1.5000,1.0590,-1.9555,2.6401,-1.4084
11.8082,1.0000,-2.0000,3.0000,-1.5000,1.0592,-1.9583,2.6457,-1.4184
11.8641,1.0000,-2.0000,3.0000,-1.5000,1.0582,-1.9671,2.6649,-1.4127
11.9532,1.0000,-2.0000,3.0000,-1.5000,1.0569,-1.9736,2.6791,-1.4187
12.0537,1.0000,-2.0000,3.0000,-1.5000,1.0551,-1.9801,2.6931,-1.4263
12.1535,1.0000,-2.0000,3.0000,-1.5000,1.0525,-1.9853,2.7057,-1.4284
12.2805,1.0000,-2.0000,3.0000,-1.5000,1.0493,-1.9898,2.7184,-1.4263
12.3534,1.0000,-2.0000,3.0000,-1.5000,1.0462,-1.9927,2.7300,-1.4406
12.4530,1.0000,-2.0000,3.0000,-1.5000,1.0433,-1.9957,2.7416,-1.4318
12.5533,1.0000,-2.0000,3.0000,-1.5000,1.0410,-1.9993,2.7539,-1.4420
12.6589,1.0000,-2.0000,3.0000,-1.5000,1.0400,-1.9990,2.7574,-1.4301
12.7536,1.0000,-2.0000,3.0000,-1.5000,1.0378,-2.0023,2.7730,-1.4457
12.8529,1.0000,-2.0000,3.0000,-1.5000,1.0373,-2.0011,2.7791,-1.4334
12.9533,1.0000,-2.0000,3.0000,-1.5000,1.0384,-2.0013,2.7873,-1.4335
13.0592,1.0000,-2.0000,3.0000,-1.5000,1.0398,-2.0021,2.7931,-1.4406
13.1570,1.0000,-2.0000,3.0000,-1.5000,1.0438,-2.0020,2.8038,-1.4476
13.2574,1.0000,-2.0000,3.0000,-1.5000,1.0470,-2.0018,2.8107,-1.4476
13.3572,1.0000,-2.0000,3.0000,-1.5000,1.0505,-2.0018,2.8172,-1.4520
13.5508,1.0000,-2.0000,3.0000,-1.5000,1.0524,-2.0005,2.8190,-1.4392
13.5544,1.0000,-2.0000,3.0000,-1.5000,1.0576,-2.0012,2.8273,-1.4462
13.6574,1.0000,-2.0000,3.0000,-1.5000,1.0611,-2.0012,2.8323,-1.4401
13.7583,1.0000,-2.0000,3.0000,-1.5000,1.0626,-2.0010,2.8325,-1.4399
13.9198,1.0000,-2.0000,3.0000,-1.5000,1.0624,-2.0012,2.8305,-1.4403
13.9616,1.0000,-2.0000,3.0000,-1.5000,1.0592,-2.0016,2.8283,-1.4429
14.0563,1.0000,-2.0000,3.0000,-1.5000,1.0534,-2.0031,2.8280,-1.4428
14.1565,1.0000,-2.0000,3.0000,-1.5000,1.0489,-2.0039,2.8278,-1.4373
14.2918,1.0000,-2.0000,3.0000,-1.5000,1.0459,-2.0043,2.8281,-1.4376
14.3594,1.0000,-2.0000,3.0000,-1.5000,1.0372,-2.0090,2.8339,-1.4420
14.4997,1.0000,-2.0000,3.0000,-1.5000,1.0309,-2.0120,2.8386,-1.4394
14.5662,1.0000,-2.0000,3.0000,-1.5000,1.0244,-2.0138,2.8420,-1.4306
14.6837,1.0000,-2.0000,3.0000,-1.5000,1.0188,-2.0167,2.8465,-1.4264
14.7708,1.0000,-2.0000,3.0000,-1.5000,1.0149,-2.0196,2.8508,-1.4293
14.8737,1.0000,-2.0000,3.0000,-1.5000,1.0126,-2.0235,2.8575,-1.4382
14.9990,1.0000,-2.0000,3.0000,-1.5000,1.0121,-2.0260,2.8620,-1.4369
15.0793,1.0000,-2.0000,3.0000,-1.5000,1.0120,-2.0276,2.8656,-1.4374
15.2006,1.0000,-2.0000,3.0000,-1.5000,1.0130,-2.0289,2.8694,-1.4388
15.2835,1.0000,-2.0000,3.0000,-1.5000,1.0145,-2.0290,2.8720,-1.4344
15.3910,1.0000,-2.0000,3.0000,-1.5000,1.0171,-2.0299,2.8747,-1.4341
15.5102,1.0000,-2.0000,3.0000,-1.5000,1.0209,-2.0310,2.8770,-1.4349
15.5615,1.0000,-2.0000,3.0000,-1.5000,1.0247,-2.0324,2.8784,-1.4326
15.6621,1.0000,-2.0000,3.0000,-1.5000,1.0295,-2.0343,2.8807,-1.4380
15.7614,1.0000,-2.0000,3.0000,-1.5000,1.0347,-2.0365,2.8830,-1.4399
15.8613,1.0000,-2.0000,3.0000,-1.5000,1.0403,-2.0384,2.8851,-1.4388
15.9615,1.0000,-2.0000,3.0000,-1.5000,1.0456,-2.0407,2.8879,-1.4392
16.0622,1.0000,-2.0000,3.0000,-1.5000,1.0504,-2.0421,2.8895,-1.4335
16.1614,1.0000,-2.0000,3.0000,-1.5000,1.0551,-2.0453,2.8932,-1.4416
16.2644,1.0000,-2.0000,3.0000,-1.5000,1.0594,-2.0476,2.8963,-1.4416
16.3657,1.0000,-2.0000,3.0000,-1.5000,1.0631,-2.0497,2.8992,-1.4396
16.4656,1.0000,-2.0000,3.0000,-1.5000,1.0657,-2.0525,2.9020,-1.4406
16.5620,1.0000,-2.0000,3.0000,-1.5000,1.0682,-2.0547,2.9043,-1.4407
16.6627,1.0000,-2.0000,3.0000,-1.5000,1.0708,-2.0574,2.9074,-1.4418
16.7657,1.0000,-2.0000,3.0000,-1.5000,1.0733,-2.0594,2.9103,-1.4439
16.8655,1.0000,-2.0000,3.0000,-1.5000,1.0756,-2.0598,2.9119,-1.4464
16.9656,1.0000,-2.0000,3.0000,-1.5000,1.0776,-2.0596,2.9134,-1.4447
17.0656,1.0000,-2.0000,3.0000,-1.5000,1.0794,-2.0590,2.9146,-1.4476
17.1639,1.0000,-2.0000,3.0000,-1.5000,1.0811,-2.0581,2.9160,-1.4499
17.2663,1.0000,-2.0000,3.0000,-1.5000,1.0825,-2.0559,2.9162,-1.4496
17.3665,1.0000,-2.0000,3.0000,-1.5000,1.0834,-2.0541,2.9161,-1.4535
17.4656,1.0000,-2.0000,3.0000,-1.5000,1.0837,-2.0510,2.9146,-1.4495
17.5654,1.0000,-2.0000,3.0000,-1.5000,1.0834,-2.0488,2.9140,-1.4542
17.6655,1.0000,-2.0000,3.0000,-1.5000,1.0824,-2.0462,2.9132,-1.4657
17.7653,1.0000,-2.0000,3.0000,-1.5000,1.0809,-2.0426,2.9116,-1.4652
17.8652,1.0000,-2.0000,3.0000,-1.5000,1.0783,-2.0400,2.9108,-1.4699
17.9664,1.0000,-2.0000,3.0000,-1.5000,1.0754,-2.0365,2.9091,-1.4728
18.0656,1.0000,-2.0000,3.0000,-1.5000,1.0722,-2.0347,2.9089,-1.4782
18.1691,1.0000,-2.0000,3.0000,-1.5000,1.0689,-2.0322,2.9083,-1.4823
18.2656,1.0000,-2.0000,3.0000,-1.5000,1.0659,-2.0307,2.9082,-1.4770
18.3695,1.0000,-2.0000,3.0000,-1.5000,1.0632,-2.0295,2.9085,-1.4772
18.4695,1.0000,-2.0000,3.0000,-1.5000,1.0608,-2.0279,2.9074,-1.4714
18.5697,1.0000,-2.0000,3.0000,-1.5000,1.0592,-2.0280,2.9077,-1.4777
18.6696,1.0000,-2.0000,3.0000,-1.5000,1.0579,-2.0275,2.9073,-1.4783
18.7696,1.0000,-2.0000,3.0000,-1.5000,1.0566,-2.0269,2.9061,-1.4722
18.8672,1.0000,-2.0000,3.0000,-1.5000,1.0556,-2.0272,2.9059,-1.4709
18.9675,1.0000,-2.0000,3.0000,-1.5000,1.0545,-2.0286,2.9069,-1.4790
19.0696,1.0000,-2.0000,3.0000,-1.5000,1.0528,-2.0294,2.9076,-1.4698
19.1886,1.0000,-2.0000,3.0000,-1.5000,1.0519,-2.0298,2.9082,-1.4715
19.2767,1.0000,-2.0000,3.0000,-1.5000,1.0512,-2.0302,2.9093,-1.4733
19.3787,1.0000,-2.0000,3.0000,-1.5000,1.0512,-2.0302,2.9097,-1.4746
19.4796,1.0000,-2.0000,3.0000,-1.5000,1.0510,-2.0286,2.9087,-1.4692
19.5843,1.0000,-2.0000,3.0000,-1.5000,1.0510,-2.0279,2.9086,-1.4716
19.6863,1.0000,-2.0000,3.0000,-1.5000,1.0512,-2.0266,2.9082,-1.4743
19.7883,1.0000,-2.0000,3.0000,-1.5000,1.0513,-2.0252,2.9077,-1.4690
19.8918,1.0000,-2.0000,3.0000,-1.5000,1.0512,-2.0245,2.9077,-1.4693
19.9916,1.0000,-2.0000,3.0000,-1.5000,1.0512,-2.0237,2.9085,-1.4708
20.0957,1.0000,-2.0000,3.0000,-1.5000,1.0520,-2.0216,2.9093,-1.4709
20.1990,1.0000,-2.0000,3.0000,-1.5000,1.0533,-2.0199,2.9103,-1.4684
20.3007,1.0000,-2.0000,3.0000,-1.5000,1.0546,-2.0198,2.9124,-1.4746
20.3735,1.0000,-2.0000,3.0000,-1.5000,1.0555,-2.0185,2.9121,-1.4723
20.4735,1.0000,-2.0000,3.0000,-1.5000,1.0568,-2.0180,2.9121,-1.4712
20.5735,1.0000,-2.0000,3.0000,-1.5000,1.0586,-2.0188,2.9131,-1.4758
20.6736,1.0000,-2.0000,3.0000,-1.5000,1.0605,-2.0189,2.9133,-1.4773
20.7759,1.0000,-2.0000,3.0000,-1.5000,1.0628,-2.0185,2.9127,-1.4725
20.8736,1.0000,-2.0000,3.0000,-1.5000,1.0651,-2.0191,2.9134,-1.4774
20.9734,1.0000,-2.0000,3.0000,-1.5000,1.0675,-2.0189,2.9131,-1.4771
21.0739,1.0000,-2.0000,3.0000,-1.5000,1.0697,-2.0179,2.9122,-1.4724
21.1736,1.0000,-2.0000,3.0000,-1.5000,1.0716,-2.0175,2.9125,-1.4764
21.2746,1.0000,-2.0000,3.0000,-1.5000,1.0728,-2.0175,2.9127,-1.4760
21.3740,1.0000,-2.0000,3.0000,-1.5000,1.0736,-2.0174,2.9128,-1.4777
21.4749,1.0000,-2.0000,3.0000,-1.5000,1.0738,-2.0180,2.9125,-1.4783
21.5778,1.0000,-2.0000,3.0000,-1.5000,1.0735,-2.0188,2.9119,-1.4772
21.6787,1.0000,-2.0000,3.0000,-1.5000,1.0723,-2.0200,2.9112,-1.4749
21.7781,1.0000,-2.0000,3.0000,-1.5000,1.0708,-2.0213,2.9111,-1.4787
21.8774,1.0000,-2.0000,3.0000,-1.5000,1.0687,-2.0236,2.9123,-1.4836
21.9774,1.0000,-2.0000,3.0000,-1.5000,1.0665,-2.0252,2.9133,-1.4821
22.0776,1.0000,-2.0000,3.0000,-1.5000,1.0644,-2.0269,2.9149,-1.4838
22.1792,1.0000,-2.0000,3.0000,-1.5000,1.0625,-2.0279,2.9160,-1.4768
22.2774,1.0000,-2.0000,3.0000,-1.5000,1.0608,-2.0292,2.9179,-1.4837
22.3774,1.0000,-2.0000,3.0000,-1.5000,1.0591,-2.0298,2.9195,-1.4818
22.4776,1.0000,-2.0000,3.0000,-1.5000,1.0570,-2.0298,2.9200,-1.4815
22.5774,1.0000,-2.0000,3.0000,-1.5000,1.0548,-2.0296,2.9201,-1.4757
22.6776,1.0000,-2.0000,3.0000,-1.5000,1.0525,-2.0305,2.9204,-1.4772
22.7789,1.0000,-2.0000,3.0000,-1.5000,1.0506,-2.0316,2.9210,-1.4761
22.8773,1.0000,-2.0000,4.0000,-1.5000,1.0491,-2.0322,2.9208,-1.4788
22.9816,1.0000,-2.0000,4.0000,-1.5000,1.0481,-2.0327,2.9203,-1.4748
23.0816,1.0000,-2.0000,4.0000,-1.5000,1.0482,-2.0338,2.9270,-1.4778
23.1827,1.0000,-2.0000,4.0000,-1.5000,1.0482,-2.0354,2.9431,-1.4799
23.2798,1.0000,-2.0000,4.0000,-1.5000,1.0490,-2.0364,2.9650,-1.4811
23.3814,1.0000,-2.0000,4.0000,-1.5000,1.0500,-2.0376,2.9942,-1.4717
23.4816,1.0000,-2.0000,4.0000,-1.5000,1.0515,-2.0393,3.0273,-1.4802
23.5790,1.0000,-2.0000,4.0000,-1.5000,1.0534,-2.0407,3.0616,-1.4844
23.6797,1.0000,-2.0000,4.0000,-1.5000,1.0549,-2.0421,3.0898,-1.4733
23.7857,1.0000,-2.0000,4.0000,-1.5000,1.0571,-2.0437,3.1289,-1.4794
23.8856,1.0000,-2.0000,4.0000,-1.5000,1.0594,-2.0467,3.1683,-1.4798
23.9889,1.0000,-2.0000,4.0000,-1.5000,1.0613,-2.0496,3.2085,-1.4813
24.0877,1.0000,-2.0000,4.0000,-1.5000,1.0634,-2.0530,3.2480,-1.4809
24.1918,1.0000,-2.0000,4.0000,-1.5000,1.0653,-2.0560,3.2882,-1.4815
24.2958,1.0000,-2.0000,4.0000,-1.5000,1.0671,-2.0592,3.3344,-1.4836
24.3965,1.0000,-2.0000,4.0000,-1.5000,1.0684,-2.0613,3.3679,-1.4852
24.5000,1.0000,-2.0000,4.0000,-1.5000,1.0695,-2.0628,3.4044,-1.4814
24.5997,1.0000,-2.0000,4.0000,-1.5000,1.0712,-2.0647,3.4473,-1.4855
24.7071,1.0000,-2.0000,4.0000,-1.5000,1.0721,-2.0654,3.4736,-1.4846
24.8110,1.0000,-2.0000,4.0000,-1.5000,1.0729,-2.0667,3.5053,-1.4849
25.0208,1.0000,-2.0000,4.0000,-1.5000,1.0734,-2.0675,3.5339,-1.4846
25.0253,1.0000,-2.0000,4.0000,-1.5000,1.0736,-2.0680,3.5685,-1.4857
25.2245,1.0000,-2.0000,4.0000,-1.5000,1.0735,-2.0678,3.5830,-1.4869
25.2296,1.0000,-2.0000,4.0000,-1.5000,1.0730,-2.0665,3.6027,-1.4853
25.4243,1.0000,-2.0000,4.0000,-1.5000,1.0728,-2.0654,3.6023,-1.4871
25.4294,1.0000,-2.0000,4.0000,-1.5000,1.0727,-2.0618,3.5863,-1.4847
25.5676,1.0000,-2.0000,4.0000,-1.5000,1.0732,-2.0598,3.5682,-1.4860
25.6720,1.0000,-2.0000,4.0000,-1.5000,1.0739,-2.0572,3.5490,-1.4850
25.7441,1.0000,-2.0000,4.0000,-1.5000,1.0749,-2.0568,3.5437,-1.4863
26.0011,1.0000,-2.0000,4.0000,-1.5000,1.0751,-2.0569,3.5435,-1.4874
26.0020,1.0000,-2.0000,4.0000,-1.5000,1.0763,-2.0572,3.5449,-1.4854
26.1057,1.0000,-2.0000,4.0000,-1.5000,1.0787,-2.0571,3.5853,-1.4858
26.2059,1.0000,-2.0000,4.0000,-1.5000,1.0793,-2.0559,3.6071,-1.4864
26.3058,1.0000,-2.0000,4.0000,-1.5000,1.0798,-2.0542,3.6286,-1.4857
26.4063,1.0000,-2.0000,4.0000,-1.5000,1.0806,-2.0517,3.6501,-1.5031
26.5062,1.0000,-2.0000,4.0000,-1.5000,1.0817,-2.0498,3.6689,-1.4832
26.6057,1.0000,-2.0000,4.0000,-1.5000,1.0813,-2.0483,3.6865,-1.4883
26.7087,1.0000,-2.0000,4.0000,-1.5000,1.0814,-2.0478,3.6911,-1.4859
26.9077,1.0000,-2.0000,4.0000,-1.5000,1.0806,-2.0457,3.7137,-1.4833
26.9089,1.0000,-2.0000,4.0000,-1.5000,1.0799,-2.0449,3.7256,-1.4945
27.0126,1.0000,-2.0000,4.0000,-1.5000,1.0794,-2.0431,3.7333,-1.4812
27.1097,1.0000,-2.0000,4.0000,-1.5000,1.0773,-2.0387,3.7524,-1.4960
27.2310,1.0000,-2.0000,4.0000,-1.5000,1.0740,-2.0373,3.7542,-1.4860
27.3984,1.0000,-2.0000,4.0000,-1.5000,1.0741,-2.0313,3.7724,-1.4862
27.4103,1.0000,-2.0000,4.0000,-1.5000,1.0711,-2.0253,3.7832,-1.4804
27.5422,1.0000,-2.0000,4.0000,-1.5000,1.0697,-2.0212,3.7949,-1.4982
27.6396,1.0000,-2.0000,4.0000,-1.5000,1.0648,-2.0151,3.7978,-1.4850
27.7137,1.0000,-2.0000,4.0000,-1.5000,1.0629,-2.0104,3.8033,-1.4854
27.8135,1.0000,-2.0000,4.0000,-1.5000,1.0620,-2.0069,3.8098,-1.4929
27.9140,1.0000,-2.0000,4.0000,-1.5000,1.0627,-2.0042,3.8184,-1.4884
28.0159,1.0000,-2.0000,4.0000,-1.5000,1.0612,-2.0016,3.8219,-1.4885
28.1175,1.0000,-2.0000,4.0000,-1.5000,1.0603,-2.0003,3.8264,-1.4944
28.2135,1.0000,-2.0000,4.0000,-1.5000,1.0568,-1.9987,3.8255,-1.4865
28.3134,1.0000,-2.0000,4.0000,-1.5000,1.0584,-1.9986,3.8332,-1.4895
28.4136,1.0000,-2.0000,4.0000,-1.5000,1.0554,-1.9977,3.8320,-1.4993
28.5133,1.0000,-2.0000,4.0000,-1.5000,1.0575,-1.9989,3.8402,-1.5029
28.6136,1.0000,-2.0000,4.0000,-1.5000,1.0566,-1.9972,3.8403,-1.4897
28.7135,1.0000,-2.0000,4.0000,-1.5000,1.0569,-1.9970,3.8434,-1.4902
28.8177,1.0000,-2.0000,4.0000,-1.5000,1.0568,-1.9955,3.8438,-1.4699
28.9183,1.0000,-2.0000,4.0000,-1.5000,1.0542,-1.9946,3.8425,-1.4967
29.0155,1.0000,-2.0000,4.0000,-1.5000,1.0551,-1.9932,3.8445,-1.5094
29.1152,1.0000,-2.0000,4.0000,-1.5000,1.0549,-1.9921,3.8467,-1.4976
29.2147,1.0000,-2.0000,4.0000,-1.5000,1.0568,-1.9900,3.8499,-1.4881
29.3174,1.0000,-2.0000,4.0000,-1.5000,1.0584,-1.9907,3.8552,-1.4869
29.4156,1.0000,-2.0000,4.0000,-1.5000,1.0554,-1.9875,3.8494,-1.4864
29.5175,1.0000,-2.0000,4.0000,-1.5000,1.0562,-1.9861,3.8521,-1.4962
29.6225,1.0000,-2.0000,4.0000,-1.5000,1.0562,-1.9842,3.8533,-1.4931
29.7328,1.0000,-2.0000,4.0000,-1.5000,1.0562,-1.9820,3.8557,-1.4973
29.8243,1.0000,-2.0000,4.0000,-1.5000,1.0581,-1.9795,3.8606,-1.4817
29.9271,1.0000,-2.0000,4.0000,-1.5000,1.0561,-1.9774,3.8596,-1.4858
30.0359,1.0000,-2.0000,4.0000,-1.5000,1.0561,-1.9753,3.8624,-1.4860
30.1312,1.0000,-2.0000,4.0000,-1.5000,1.0567,-1.9740,3.8665,-1.4956
30.2343,1.0000,-2.0000,4.0000,-1.5000,1.0587,-1.9725,3.8720,-1.4877
30.3355,1.0000,-2.0000,4.0000,-1.5000,1.0593,-1.9715,3.8767,-1.4997
30.4383,1.0000,-2.0000,4.0000,-1.5000,1.0575,-1.9675,3.8737,-1.4938
30.5404,1.0000,-2.0000,4.0000,-1.5000,1.0597,-1.9644,3.8767,-1.4918
30.6450,1.0000,-2.0000,4.0000,-1.5000,1.0595,-1.9614,3.8764,-1.4939
30.7587,1.0000,-2.0000,4.0000,-1.5000,1.0636,-1.9585,3.8821,-1.4903
30.8477,1.0000,-2.0000,4.0000,-1.5000,1.0635,-1.9550,3.8800,-1.4982
30.9216,1.0000,-2.0000,4.0000,-1.5000,1.0672,-1.9517,3.8821,-1.4870
31.0214,1.0000,-2.0000,4.0000,-1.5000,1.0673,-1.9491,3.8813,-1.4989
31.1216,1.0000,-2.0000,4.0000,-1.5000,1.0720,-1.9482,3.8886,-1.4752
31.2215,1.0000,-2.0000,4.0000,-1.5000,1.0736,-1.9452,3.8884,-1.4900
31.3213,1.0000,-2.0000,4.0000,-1.5000,1.0744,-1.9427,3.8899,-1.4881
31.4216,1.0000,-2.0000,4.0000,-1.5000,1.0759,-1.9417,3.8934,-1.4884
31.5216,1.0000,-2.0000,4.0000,-1.5000,1.0764,-1.9405,3.8968,-1.4929
31.6215,1.0000,-2.0000,4.0000,-1.5000,1.0761,-1.9387,3.8985,-1.4899
31.7220,1.0000,-2.0000,4.0000,-1.5000,1.0741,-1.9369,3.8983,-1.4995
31.8212,1.0000,-2.0000,4.0000,-1.5000,1.0736,-1.9356,3.8995,-1.5037
31.9214,1.0000,-2.0000,4.0000,-1.5000,1.0748,-1.9354,3.9045,-1.4819
32.0214,1.0000,-2.0000,4.0000,-1.5000,1.0721,-1.9327,3.9041,-1.5061
32.1213,1.0000,-2.0000,4.0000,-1.5000,1.0711,-1.9308,3.9054,-1.5057
32.2224,1.0000,-2.0000,4.0000,-1.5000,1.0697,-1.9287,3.9064,-1.5041
32.3236,1.0000,-2.0000,4.0000,-1.5000,1.0687,-1.9260,3.9065,-1.5169
32.4217,1.0000,-2.0000,4.0000,-1.5000,1.0683,-1.9248,3.9106,-1.4885
32.5256,1.0000,-2.0000,4.0000,-1.5000,1.0665,-1.9226,3.9112,-1.4880
32.6236,1.0000,-2.0000,4.0000,-1.5000,1.0632,-1.9204,3.9092,-1.5056
32.7260,1.0000,-2.0000,4.0000,-1.5000,1.0620,-1.9195,3.9100,-1.5152
32.8281,1.0000,-2.0000,4.0000,-1.5000,1.0607,-1.9195,3.9099,-1.5135
32.9256,1.0000,-2.0000,4.0000,-1.5000,1.0598,-1.9209,3.9096,-1.5155
33.0257,1.0000,-2.0000,4.0000,-1.5000,1.0587,-1.9226,3.9076,-1.5021
33.1256,1.0000,-2.0000,4.0000,-1.5000,1.0597,-1.9268,3.9090,-1.4903
33.2256,1.0000,-2.0000,4.0000,-1.5000,1.0584,-1.9307,3.9057,-1.5161
33.3256,1.0000,-2.0000,4.0000,-1.5000,1.0589,-1.9349,3.9019,-1.5186
33.4257,1.0000,-2.0000,4.0000,-1.5000,1.0609,-1.9411,3.9033,-1.4876
33.5251,1.0000,-2.0000,4.0000,-1.5000,1.0601,-1.9457,3.8995,-1.5044
33.6255,1.0000,-2.0000,4.0000,-1.5000,1.0631,-1.9516,3.9004,-1.4937
33.7254,1.0000,-2.0000,4.0000,-1.5000,1.0632,-1.9557,3.8959,-1.5183
33.8254,1.0000,-2.0000,4.0000,-1.5000,1.0660,-1.9616,3.8979,-1.4921
33.9253,1.0000,-2.0000,4.0000,-1.5000,1.0666,-1.9660,3.8963,-1.5003
34.0255,1.0000,-2.0000,4.0000,-1.5000,1.0683,-1.9721,3.9000,-1.5067
34.1256,1.0000,-2.0000,4.0000,-1.5000,1.0689,-1.9756,3.9000,-1.5072
34.2281,1.0000,-2.0000,4.0000,-1.5000,1.0699,-1.9798,3.9025,-1.4868
34.3305,1.0000,-2.0000,4.0000,-1.5000,1.0669,-1.9809,3.8966,-1.4968
34.4337,1.0000,-2.0000,4.0000,-1.5000,1.0689,-1.9853,3.9039,-1.5064
34.5368,1.0000,-2.0000,4.0000,-1.5000,1.0655,-1.9861,3.9019,-1.5027
34.6366,1.0000,-2.0000,4.0000,-1.5000,1.0662,-1.9896,3.9078,-1.5039
34.7426,1.0000,-2.0000,4.0000,-1.5000,1.0628,-1.9893,3.9054,-1.5049
34.8426,1.0000,-2.0000,4.0000,-1.5000,1.0633,-1.9922,3.9115,-1.5064
34.9459,1.0000,-2.0000,4.0000,-1.5000,1.0603,-1.9914,3.9074,-1.5210
35.0475,1.0000,-2.0000,4.0000,-1.5000,1.0602,-1.9936,3.9146,-1.5052
35.1510,1.0000,-2.0000,4.0000,-1.5000,1.0589,-1.9923,3.9135,-1.4863
35.2553,1.0000,-2.0000,4.0000,-1.5000,1.0581,-1.9913,3.9143,-1.4840
35.3565,1.0000,-2.0000,4.0000,-1.5000,1.0580,-1.9900,3.9154,-1.4955
35.4591,1.0000,-2.0000,4.0000,-1.5000,1.0560,-1.9865,3.9122,-1.5055
35.5293,1.0000,-2.0000,4.0000,-1.5000,1.0571,-1.9844,3.9105,-1.5220
35.6298,1.0000,-2.0000,4.0000,-1.5000,1.0585,-1.9828,3.9140,-1.4939
35.7296,1.0000,-2.0000,4.0000,-1.5000,1.0586,-1.9803,3.9150,-1.4926
35.8337,1.0000,-2.0000,4.0000,-1.5000,1.0587,-1.9770,3.9111,-1.5208
35.9303,1.0000,-2.0000,4.0000,-1.5000,1.0593,-1.9748,3.9118,-1.5202
36.0339,1.0000,-2.0000,4.0000,-1.5000,1.0587,-1.9732,3.9136,-1.4994
36.1339,1.0000,-2.0000,4.0000,-1.5000,1.0613,-1.9731,3.9189,-1.5045
36.2341,1.0000,-2.0000,4.0000,-1.5000,1.0621,-1.9728,3.9205,-1.4883
36.3334,1.0000,-2.0000,4.0000,-1.5000,1.0611,-1.9704,3.9147,-1.5182
36.4334,1.0000,-2.0000,4.0000,-1.5000,1.0623,-1.9709,3.9161,-1.4818
36.5334,1.0000,-2.0000,4.0000,-1.5000,1.0639,-1.9744,3.9226,-1.5069
36.6338,1.0000,-2.0000,4.0000,-1.5000,1.0648,-1.9773,3.9241,-1.4904
36.7333,1.0000,-2.0000,4.0000,-1.5000,1.0657,-1.9795,3.9243,-1.4891
36.8334,1.0000,-2.0000,4.0000,-1.5000,1.0661,-1.9815,3.9231,-1.5053
36.9341,1.0000,-2.0000,4.0000,-1.5000,1.0668,-1.9848,3.9234,-1.4875
37.0337,1.0000,-2.0000,4.0000,-1.5000,1.0670,-1.9864,3.9210,-1.4784
37.1339,1.0000,-2.0000,4.0000,-1.5000,1.0647,-1.9867,3.9138,-1.4987
37.2339,1.0000,-2.0000,4.0000,-1.5000,1.0681,-1.9911,3.9200,-1.4910
37.3343,1.0000,-2.0000,4.0000,-1.5000,1.0683,-1.9921,3.9190,-1.5069
37.4362,1.0000,-2.0000,4.0000,-1.5000,1.0687,-1.9936,3.9188,-1.5081
37.5341,1.0000,-2.0000,4.0000,-1.5000,1.0688,-1.9956,3.9198,-1.4933
37.6337,1.0000,-2.0000,4.0000,-1.5000,1.0683,-1.9964,3.9191,-1.5041
37.7388,1.0000,-2.0000,4.0000,-1.5000,1.0677,-1.9987,3.9203,-1.4883
37.8352,1.0000,-2.0000,4.0000,-1.5000,1.0663,-2.0000,3.9199,-1.5097
37.9358,1.0000,-2.0000,4.0000,-1.5000,1.0652,-2.0027,3.9221,-1.4898
38.0362,1.0000,-2.0000,4.0000,-1.5000,1.0604,-2.0030,3.9167,-1.4758
38.1388,1.0000,-2.0000,4.0000,-1.5000,1.0577,-2.0059,3.9162,-1.4978
38.2400,1.0000,-2.0000,4.0000,-1.5000,1.0581,-2.0121,3.9248,-1.4887
38.3355,1.0000,-2.5000,4.0000,-3.1000,1.0542,-2.0133,3.9204,-1.5256
38.4381,1.0000,-2.5000,4.0000,-3.1000,1.0525,-2.0195,3.9267,-1.5005
38.5412,1.0000,-2.5000,4.0000,-3.1000,1.0458,-2.0248,3.9199,-1.5579
38.6399,1.0000,-2.5000,4.0000,-3.1000,1.0434,-2.0326,3.9203,-1.5983
38.7398,1.0000,-2.5000,4.0000,-3.1000,1.0383,-2.0574,3.9217,-1.6807
38.8377,1.0000,-2.5000,4.0000,-3.1000,1.0347,-2.0818,3.9230,-1.7359
38.9402,1.0000,-2.5000,4.0000,-3.1000,1.0307,-2.1106,3.9243,-1.7871
39.0407,1.0000,-2.5000,4.0000,-3.1000,1.0252,-2.1523,3.9260,-1.8534
39.1429,1.0000,-2.5000,4.0000,-3.1000,1.0220,-2.2024,3.9354,-1.9187
39.2450,1.0000,-2.5000,4.0000,-3.1000,1.0110,-2.2476,3.9289,-1.9722
39.3476,1.0000,-2.5000,4.0000,-3.1000,1.0028,-2.3030,3.9333,-2.0230
39.4497,1.0000,-2.5000,4.0000,-3.1000,0.9923,-2.3536,3.9344,-2.0799
39.5508,1.0000,-2.5000,4.0000,-3.1000,0.9805,-2.4053,3.9351,-2.1525
39.6575,1.0000,-2.5000,4.0000,-3.1000,0.9687,-2.4548,3.9373,-2.2034
39.7639,1.0000,-2.5000,4.0000,-3.1000,0.9560,-2.5044,3.9397,-2.2565
39.8597,1.0000,-2.5000,4.0000,-3.1000,0.9453,-2.5408,3.9416,-2.3024
40.0684,1.0000,-2.5000,4.0000,-3.1000,0.9330,-2.5820,3.9444,-2.3594
40.0692,1.0000,-2.5000,4.0000,-3.1000,0.9263,-2.6025,3.9456,-2.3926
40.1714,1.0000,-2.5000,4.0000,-3.1000,0.9165,-2.6339,3.9483,-2.4542
40.3044,1.0000,-2.5000,4.0000,-3.1000,0.9135,-2.6429,3.9490,-2.4758
40.3711,1.0000,-2.5000,4.0000,-3.1000,0.9055,-2.6673,3.9545,-2.5616
40.5442,1.0000,-2.5000,4.0000,-3.1000,0.9029,-2.6735,3.9543,-2.6053
40.5809,1.0000,-2.5000,4.0000,-3.1000,0.9022,-2.6785,3.9568,-2.6694
40.7191,1.0000,-2.5000,4.0000,-3.1000,0.9049,-2.6752,3.9592,-2.7242
40.7817,1.0000,-2.5000,4.0000,-3.1000,0.9092,-2.6686,3.9594,-2.7555
40.9341,1.0000,-2.5000,4.0000,-3.1000,0.9185,-2.6536,3.9613,-2.7966
40.9856,1.0000,-2.5000,4.0000,-3.1000,0.9252,-2.6425,3.9626,-2.8174
41.1134,1.0000,-2.5000,4.0000,-3.1000,0.9351,-2.6259,3.9635,-2.8412
41.3413,1.0000,-2.5000,4.0000,-3.1000,0.9360,-2.6235,3.9633,-2.8452
41.3425,1.0000,-2.5000,4.0000,-3.1000,0.9370,-2.6224,3.9636,-2.8465
41.4459,1.0000,-2.5000,4.0000,-3.1000,0.9716,-2.5629,3.9614,-2.9240
41.5483,1.0000,-2.5000,4.0000,-3.1000,0.9796,-2.5490,3.9604,-2.9408
41.7414,1.0000,-2.5000,4.0000,-3.1000,0.9850,-2.5393,3.9598,-2.9518
41.7436,1.0000,-2.5000,4.0000,-3.1000,0.9895,-2.5305,3.9596,-2.9617
41.8565,1.0000,-2.5000,4.0000,-3.1000,0.9952,-2.5196,3.9604,-2.9744
41.9470,1.0000,-2.5000,4.0000,-3.1000,0.9956,-2.5186,3.9605,-2.9738
42.0450,1.0000,-2.5000,4.0000,-3.1000,0.9924,-2.5216,3.9662,-2.9886
42.1472,1.0000,-2.5000,4.0000,-3.1000,0.9794,-2.5342,3.9618,-2.9927
42.2630,1.0000,-2.5000,4.0000,-3.1000,0.9632,-2.5562,3.9646,-3.0003
42.3459,1.0000,-1.0000,2.0000,-3.1000,0.9502,-2.5732,3.9651,-3.0056
42.4479,1.0000,-1.0000,2.0000,-3.1000,0.9360,-2.5922,3.9646,-3.0110
42.5457,1.0000,-1.0000,2.0000,-3.1000,0.9262,-2.6061,3.9588,-3.0111
42.6459,1.0000,-1.0000,2.0000,-3.1000,0.9213,-2.6126,3.9440,-3.0118
42.7654,1.0000,-1.0000,2.0000,-3.1000,0.9212,-2.6118,3.9322,-3.0116
42.8498,1.0000,-1.0000,2.0000,-3.1000,0.9298,-2.5909,3.8920,-3.0148
42.9494,1.0000,-1.0000,2.0000,-3.1000,0.9416,-2.5608,3.8598,-3.0156
43.0502,1.0000,-1.0000,2.0000,-3.1000,0.9571,-2.5186,3.8259,-3.0176
43.1971,1.0000,-1.0000,2.0000,-3.1000,0.9709,-2.4749,3.7974,-3.0165
43.2496,1.0000,-1.0000,2.0000,-3.1000,0.9945,-2.3959,3.7549,-3.0195
43.3478,1.0000,-1.0000,2.0000,-3.1000,1.0087,-2.3441,3.7304,-3.0222
43.4499,1.0000,-1.0000,2.0000,-3.1000,1.0362,-2.2318,3.6830,-3.0315
43.5726,1.0000,-1.0000,2.0000,-3.1000,1.0532,-2.1639,3.6588,-3.0106
43.6500,1.0000,-1.0000,2.0000,-3.1000,1.0701,-2.0687,3.6209,-3.0263
43.7506,1.0000,-1.0000,2.0000,-3.1000,1.0875,-1.9641,3.5841,-3.0241
43.8551,1.0000,-1.0000,2.0000,-3.1000,1.1015,-1.8584,3.5480,-3.0219
44.0251,1.0000,-1.0000,2.0000,-3.1000,1.1156,-1.7315,3.5075,-3.0191
44.0562,1.0000,-1.0000,2.0000,-3.1000,1.1234,-1.6371,3.4777,-3.0235
44.1603,1.0000,-1.0000,2.0000,-3.1000,1.1305,-1.5290,3.4444,-3.0300
44.2626,1.0000,-1.0000,2.0000,-3.1000,1.1350,-1.4192,3.4075,-3.0322
44.3968,1.0000,-1.0000,2.0000,-3.1000,1.1363,-1.3000,3.3646,-3.0329
44.4683,1.0000,-1.0000,2.0000,-3.1000,1.1349,-1.2233,3.3345,-3.0329
44.6127,1.0000,-1.0000,2.0000,-3.1000,1.1302,-1.1348,3.2945,-3.0382
44.6740,1.0000,-1.0000,2.0000,-3.1000,1.1236,-1.0655,3.2590,-3.0463
44.7892,1.0000,-1.0000,2.0000,-3.1000,1.1116,-0.9825,3.2091,-3.0561
44.8788,1.0000,-1.0000,2.0000,-3.1000,1.1036,-0.9421,3.1803,-3.0618
44.9814,1.0000,-1.0000,2.0000,-3.1000,1.0941,-0.9037,3.1475,-3.0665
45.0538,1.0000,-1.0000,2.0000,-3.1000,1.0841,-0.8711,3.1129,-3.0735
45.1546,1.0000,-1.0000,2.0000,-3.1000,1.0749,-0.8476,3.0790,-3.0798
45.2544,1.0000,-1.0000,2.0000,-3.1000,1.0667,-0.8327,3.0458,-3.0854
45.3544,1.0000,-1.0000,2.0000,-3.1000,1.0596,-0.8255,3.0123,-3.0895
45.4538,1.0000,-1.0000,2.0000,-3.1000,1.0534,-0.8248,2.9796,-3.0935
45.5537,1.0000,-1.0000,2.0000,-3.1000,1.0479,-0.8301,2.9466,-3.0999
45.6540,1.0000,-1.0000,2.0000,-3.1000,1.0434,-0.8397,2.9142,-3.1031
45.7541,1.0000,-1.0000,2.0000,-3.1000,1.0393,-0.8527,2.8816,-3.1077
45.8556,1.0000,-1.0000,2.0000,-3.1000,1.0358,-0.8681,2.8489,-3.1055
45.9541,1.0000,-1.0000,2.0000,-3.1000,1.0328,-0.8847,2.8160,-3.1054
46.0544,1.0000,-1.0000,2.0000,-3.1000,1.0302,-0.9014,2.7828,-3.1069
46.1541,1.0000,-1.0000,2.0000,-3.1000,1.0280,-0.9175,2.7492,-3.1081
46.2549,1.0000,-1.0000,2.0000,-3.1000,1.0261,-0.9318,2.7150,-3.1049
46.3545,1.0000,-1.0000,2.0000,-3.1000,1.0242,-0.9445,2.6804,-3.1040
46.4584,1.0000,-1.0000,2.0000,-3.1000,1.0225,-0.9559,2.6441,-3.1030
46.5583,1.0000,-1.0000,2.0000,-3.1000,1.0214,-0.9653,2.6089,-3.1050
46.6554,1.0000,-1.0000,2.0000,-3.1000,1.0211,-0.9729,2.5756,-3.1027
46.7576,1.0000,-1.0000,2.0000,-3.1000,1.0217,-0.9801,2.5410,-3.1040
46.8579,1.0000,-1.0000,2.0000,-3.1000,1.0230,-0.9857,2.5096,-3.1040
46.9596,1.0000,-1.0000,2.0000,-3.1000,1.0251,-0.9892,2.4808,-3.1053
47.0579,1.0000,-1.0000,2.0000,-3.1000,1.0275,-0.9915,2.4538,-3.1052
47.1579,1.0000,-1.0000,2.0000,-3.1000,1.0299,-0.9923,2.4294,-3.1049
47.2580,1.0000,-1.0000,2.0000,-3.1000,1.0318,-0.9920,2.4075,-3.1055
47.3583,1.0000,-1.0000,2.0000,-3.1000,1.0330,-0.9915,2.3877,-3.1050
47.4576,1.0000,-1.0000,2.0000,-3.1000,1.0336,-0.9906,2.3696,-3.1058
47.5581,1.0000,-1.0000,2.0000,-3.1000,1.0335,-0.9896,2.3533,-3.1040
47.6581,1.0000,-1.0000,2.0000,-3.1000,1.0333,-0.9884,2.3392,-3.1028
47.7580,1.0000,-1.0000,2.0000,-3.1000,1.0333,-0.9870,2.3263,-3.1008
47.8584,1.0000,-1.0000,2.0000,-3.1000,1.0338,-0.9854,2.3149,-3.1021
47.9616,1.0000,-1.0000,2.0000,-3.1000,1.0343,-0.9843,2.3046,-3.1015
48.0581,1.0000,-1.0000,2.0000,-3.1000,1.0346,-0.9837,2.2960,-3.1021
48.1593,1.0000,-1.0000,2.0000,-3.1000,1.0342,-0.9835,2.2885,-3.1041
48.2618,1.0000,-1.0000,2.0000,-3.1000,1.0336,-0.9840,2.2813,-3.1004
48.3641,1.0000,-1.0000,2.0000,-3.1000,1.0328,-0.9844,2.2765,-3.1045
48.4611,1.0000,-1.0000,2.0000,-3.1000,1.0314,-0.9854,2.2703,-3.1059
48.5673,1.0000,-1.0000,2.0000,-3.1000,1.0299,-0.9864,2.2640,-3.1053
48.6659,1.0000,-1.0000,2.0000,-3.1000,1.0281,-0.9875,2.2577,-3.1055
48.7682,1.0000,-1.0000,2.0000,-3.1000,1.0264,-0.9885,2.2506,-3.1062
48.8721,1.0000,-1.0000,2.0000,-3.1000,1.0245,-0.9894,2.2434,-3.1056
48.9761,1.0000,-1.0000,2.0000,-3.1000,1.0227,-0.9902,2.2361,-3.1056
49.0736,1.0000,-1.0000,2.0000,-3.1000,1.0206,-0.9912,2.2285,-3.1067
49.1858,1.0000,-1.0000,2.0000,-3.1000,1.0189,-0.9919,2.2215,-3.1089
49.2852,1.0000,-1.0000,2.0000,-3.1000,1.0172,-0.9923,2.2146,-3.1056
49.3901,1.0000,-1.0000,2.0000,-3.1000,1.0162,-0.9924,2.2076,-3.1057
49.4851,1.0000,-1.0000,2.0000,-3.1000,1.0156,-0.9922,2.2011,-3.1062
49.5907,1.0000,-1.0000,2.0000,-3.1000,1.0151,-0.9917,2.1947,-3.1080
49.6880,1.0000,-1.0000,2.0000,-3.1000,1.0150,-0.9914,2.1888,-3.1052
49.7957,1.0000,-1.0000,2.0000,-3.1000,1.0150,-0.9910,2.1834,-3.1056
49.8658,1.0000,-1.0000,2.0000,-3.1000,1.0153,-0.9906,2.1782,-3.1039
49.9663,1.0000,-1.0000,2.0000,-3.1000,1.0158,-0.9899,2.1733,-3.1047
50.0662,1.0000,-1.0000,2.0000,-3.1000,1.0161,-0.9891,2.1683,-3.1073
50.1662,1.0000,-1.0000,2.0000,-3.1000,1.0163,-0.9883,2.1636,-3.1060
50.2663,1.0000,-1.0000,2.0000,-3.1000,1.0163,-0.9874,2.1593,-3.1068
50.3666,1.0000,-1.0000,2.0000,-3.1000,1.0160,-0.9865,2.1556,-3.1073
50.4660,1.0000,-1.0000,2.0000,-3.1000,1.0155,-0.9856,2.1525,-3.1074
50.5663,1.0000,-1.0000,2.0000,-3.1000,1.0152,-0.9845,2.1499,-3.1073
50.6662,1.0000,-1.0000,2.0000,-3.1000,1.0153,-0.9835,2.1472,-3.1059
50.7663,1.0000,-1.0000,2.0000,-3.1000,1.0156,-0.9829,2.1448,-3.1074
50.8657,1.0000,-1.0000,2.0000,-3.1000,1.0161,-0.9823,2.1427,-3.1077
50.9662,1.0000,-1.0000,2.0000,-3.1000,1.0168,-0.9821,2.1409,-3.1079
51.0657,1.0000,-1.0000,2.0000,-3.1000,1.0176,-0.9819,2.1392,-3.1091
51.1664,1.0000,-1.0000,2.0000,-3.1000,1.0186,-0.9817,2.1373,-3.1085
51.2695,1.0000,-1.0000,2.0000,-3.1000,1.0196,-0.9817,2.1353,-3.1056
51.3731,1.0000,-1.0000,2.0000,-3.1000,1.0207,-0.9816,2.1336,-3.1069
51.4701,1.0000,-1.0000,2.0000,-3.1000,1.0220,-0.9812,2.1314,-3.1069
51.5675,1.0000,-1.0000,2.0000,-3.1000,1.0234,-0.9808,2.1291,-3.1077
51.6698,1.0000,-1.0000,2.0000,-3.1000,1.0248,-0.9802,2.1263,-3.1066
51.7726,1.0000,-1.0000,2.0000,-3.1000,1.0262,-0.9798,2.1234,-3.1065
51.8705,1.0000,-1.0000,2.0000,-3.1000,1.0274,-0.9792,2.1202,-3.1041
51.9701,1.0000,-1.0000,2.0000,-3.1000,1.0277,-0.9784,2.1169,-3.1044
52.0697,1.0000,-1.0000,2.0000,-3.1000,1.0278,-0.9774,2.1132,-3.1043
52.1697,1.0000,-1.0000,2.0000,-3.1000,1.0271,-0.9765,2.1093,-3.1066
52.2699,1.0000,-1.0000,2.0000,-3.1000,1.0259,-0.9755,2.1059,-3.1035
52.3701,1.0000,-1.0000,2.0000,-3.1000,1.0246,-0.9749,2.1025,-3.1048
52.4735,1.0000,-1.0000,2.0000,-3.1000,1.0229,-0.9740,2.0996,-3.1045
52.5738,1.0000,-1.0000,2.0000,-3.1000,1.0211,-0.9734,2.0972,-3.1049
52.6737,1.0000,-1.0000,2.0000,-3.1000,1.0197,-0.9727,2.0953,-3.1060
52.7741,1.0000,-1.0000,2.0000,-3.1000,1.0188,-0.9720,2.0941,-3.1055
52.8735,1.0000,-2.0000,3.0000,1.5000,1.0186,-0.9713,2.0926,-3.1087
52.9735,1.0000,-2.0000,3.0000,1.5000,1.0193,-0.9711,2.0916,-3.1244
53.0739,1.0000,-2.0000,3.0000,1.5000,1.0191,-0.9742,2.0957,3.1043
53.1728,1.0000,-2.0000,3.0000,1.5000,1.0186,-0.9808,2.1041,3.0617
53.2777,1.0000,-2.0000,3.0000,1.5000,1.0167,-0.9989,2.1230,3.0015
53.3762,1.0000,-2.0000,3.0000,1.5000,1.0130,-1.0312,2.1496,2.9405
53.4816,1.0000,-2.0000,3.0000,1.5000,1.0073,-1.0771,2.1817,2.8827
53.5806,1.0000,-2.0000,3.0000,1.5000,1.0000,-1.1322,2.2156,2.8288
53.6848,1.0000,-2.0000,3.0000,1.5000,0.9906,-1.2047,2.2556,2.7633
53.7875,1.0000,-2.0000,3.0000,1.5000,0.9816,-1.2749,2.2908,2.7125
53.8888,1.0000,-2.0000,3.0000,1.5000,0.9711,-1.3545,2.3274,2.6579
53.9912,1.0000,-2.0000,3.0000,1.5000,0.9582,-1.4422,2.3659,2.5969
54.0956,1.0000,-2.0000,3.0000,1.5000,0.9397,-1.5495,2.4121,2.5199
54.1976,1.0000,-2.0000,3.0000,1.5000,0.9254,-1.6241,2.4440,2.4621
54.2988,1.0000,-2.0000,3.0000,1.5000,0.9091,-1.7081,2.4797,2.3979
54.4007,1.0000,-2.0000,3.0000,1.5000,0.8964,-1.7772,2.5087,2.3426
54.5071,1.0000,-2.0000,3.0000,1.5000,0.8837,-1.8533,2.5403,2.2744
54.6051,1.0000,-2.0000,3.0000,1.5000,0.8751,-1.9112,2.5649,2.2098
54.6777,1.0000,-2.0000,3.0000,1.5000,0.8679,-1.9623,2.5875,2.1467
54.7777,1.0000,-2.0000,3.0000,1.5000,0.8618,-2.0075,2.6082,2.0821
54.9493,1.0000,-2.0000,3.0000,1.5000,0.8595,-2.0290,2.6188,2.0488
54.9781,1.0000,-2.0000,3.0000,1.5000,0.8574,-2.0737,2.6433,1.9594
55.1249,1.0000,-2.0000,3.0000,1.5000,0.8574,-2.0787,2.6468,1.9407
55.1781,1.0000,-2.0000,3.0000,1.5000,0.8646,-2.1097,2.6714,1.8591
55.2785,1.0000,-2.0000,3.0000,1.5000,0.8723,-2.1142,2.6800,1.8179
55.4309,1.0000,-2.0000,3.0000,1.5000,0.8739,-2.1144,2.6815,1.8106
55.4777,1.0000,-2.0000,3.0000,1.5000,0.8952,-2.0997,2.6975,1.7576
55.5824,1.0000,-2.0000,3.0000,1.5000,0.9081,-2.0838,2.7067,1.7358
55.6779,1.0000,-2.0000,3.0000,1.5000,0.9180,-2.0697,2.7132,1.7219
55.7870,1.0000,-2.0000,3.0000,1.5000,0.9244,-2.0594,2.7173,1.7107
55.8786,1.0000,-2.0000,3.0000,1.5000,0.9438,-2.0225,2.7301,1.6684
55.9822,1.0000,-2.0000,3.0000,1.5000,0.9539,-2.0019,2.7391,1.6514
56.1423,1.0000,-2.0000,3.0000,1.5000,0.9567,-1.9958,2.7418,1.6466
56.1819,1.0000,-2.0000,3.0000,1.5000,0.9682,-1.9696,2.7565,1.6185
56.2838,1.0000,-2.0000,3.0000,1.5000,0.9718,-1.9578,2.7605,1.6050
56.3824,1.0000,-2.0000,3.0000,1.5000,0.9752,-1.9444,2.7693,1.5922
56.5012,1.0000,-2.0000,3.0000,1.5000,0.9762,-1.9414,2.7722,1.5839
56.5821,1.0000,-2.0000,3.0000,1.5000,0.9773,-1.9340,2.7807,1.5719
56.6945,1.0000,-2.0000,3.0000,1.5000,0.9774,-1.9334,2.7852,1.5695
56.7819,1.0000,-2.0000,3.0000,1.5000,0.9770,-1.9340,2.7917,1.5560
56.8828,1.0000,-2.0000,3.0000,1.5000,0.9759,-1.9364,2.7976,1.5546
57.0193,1.0000,-2.0000,3.0000,1.5000,0.9751,-1.9395,2.8026,1.5516
57.0824,1.0000,-2.0000,3.0000,1.5000,0.9728,-1.9431,2.8097,1.5514
57.2157,1.0000,-2.0000,3.0000,1.5000,0.9725,-1.9430,2.8100,1.5505
57.3239,1.0000,-2.0000,3.0000,1.5000,0.9694,-1.9462,2.8169,1.5486
57.4382,1.0000,-2.0000,3.0000,1.5000,0.9667,-1.9495,2.8240,1.5421
57.4826,1.0000,-2.0000,3.0000,1.5000,0.9639,-1.9523,2.8312,1.5407
57.6066,1.0000,-2.0000,3.0000,1.5000,0.9621,-1.9517,2.8341,1.5369
57.7325,1.0000,-2.0000,3.0000,1.5000,0.9599,-1.9533,2.8405,1.5411
57.8019,1.0000,-2.0000,3.0000,1.5000,0.9574,-1.9512,2.8457,1.5402
57.8860,1.0000,-2.0000,3.0000,1.5000,0.9560,-1.9466,2.8489,1.5364
58.0094,1.0000,-2.0000,3.0000,1.5000,0.9556,-1.9436,2.8521,1.5425
58.0867,1.0000,-2.0000,3.0000,1.5000,0.9549,-1.9388,2.8581,1.5409
58.2063,1.0000,-2.0000,3.0000,1.5000,0.9546,-1.9361,2.8627,1.5378
58.3090,1.0000,-2.0000,3.0000,1.5000,0.9551,-1.9320,2.8681,1.5420
58.3960,1.0000,-2.0000,3.0000,1.5000,0.9559,-1.9312,2.8750,1.5410
58.4948,1.0000,-2.0000,3.0000,1.5000,0.9571,-1.9271,2.8782,1.5401
58.6205,1.0000,-2.0000,3.0000,1.5000,0.9589,-1.9259,2.8819,1.5367
58.7011,1.0000,-2.0000,3.0000,1.5000,0.9603,-1.9275,2.8856,1.5407
58.8041,1.0000,-2.0000,3.0000,1.5000,0.9609,-1.9269,2.8862,1.5326
58.9042,1.0000,-2.0000,3.0000,1.5000,0.9610,-1.9289,2.8880,1.5380
59.0098,1.0000,-2.0000,3.0000,1.5000,0.9606,-1.9344,2.8915,1.5402
59.1115,1.0000,-2.0000,3.0000,1.5000,0.9586,-1.9398,2.8927,1.5402
59.2136,1.0000,-2.0000,3.0000,1.5000,0.9560,-1.9443,2.8928,1.5415
59.3159,1.0000,-2.0000,3.0000,1.5000,0.9537,-1.9490,2.8929,1.5383
59.3900,1.0000,-2.0000,3.0000,1.5000,0.9513,-1.9558,2.8940,1.5430
59.4910,1.0000,-2.0000,3.0000,1.5000,0.9487,-1.9613,2.8933,1.5425
59.5907,1.0000,-2.0000,3.0000,1.5000,0.9461,-1.9668,2.8930,1.5409
59.6911,1.0000,-2.0000,3.0000,1.5000,0.9438,-1.9719,2.8919,1.5406
59.7905,1.0000,-2.0000,3.0000,1.5000,0.9417,-1.9764,2.8911,1.5452
59.8902,1.0000,-2.0000,3.0000,1.5000,0.9398,-1.9806,2.8912,1.5406
59.9896,1.0000,-2.0000,3.0000,1.5000,0.9378,-1.9840,2.8923,1.5395
60.0906,1.0000,-2.0000,3.0000,1.5000,0.9360,-1.9857,2.8929,1.5441
60.1902,1.0000,-2.0000,3.0000,1.5000,0.9342,-1.9866,2.8938,1.5475
60.2907,1.0000,-2.0000,3.0000,1.5000,0.9326,-1.9860,2.8944,1.5415
60.3898,1.0000,-2.0000,3.0000,1.5000,0.9316,-1.9878,2.8974,1.5484
60.4905,1.0000,-2.0000,3.0000,1.5000,0.9315,-1.9877,2.8980,1.5533
60.5900,1.0000,-2.0000,3.0000,1.5000,0.9316,-1.9881,2.8986,1.5516
60.6903,1.0000,-2.0000,3.0000,1.5000,0.9317,-1.9886,2.8993,1.5513
60.7947,1.0000,-2.0000,3.0000,1.5000,0.9316,-1.9894,2.8997,1.5483
60.8943,1.0000,-2.0000,3.0000,1.5000,0.9308,-1.9909,2.9005,1.5452
60.9940,1.0000,-2.0000,3.0000,1.5000,0.9298,-1.9921,2.9014,1.5486
61.0946,1.0000,-2.0000,3.0000,1.5000,0.9287,-1.9941,2.9030,1.5556
61.1945,1.0000,-2.0000,3.0000,1.5000,0.9276,-1.9960,2.9043,1.5616
61.2966,1.0000,-2.0000,3.0000,1.5000,0.9267,-1.9982,2.9060,1.5675
61.3945,1.0000,-2.0000,3.0000,1.5000,0.9265,-1.9992,2.9071,1.5759
61.4944,1.0000,-2.0000,3.0000,1.5000,0.9267,-2.0000,2.9083,1.5833
61.5943,1.0000,-2.0000,3.0000,1.5000,0.9273,-2.0006,2.9088,1.5869
61.6940,1.0000,-2.0000,3.0000,1.5000,0.9283,-2.0019,2.9095,1.5867
61.7941,1.0000,-2.0000,3.0000,1.5000,0.9300,-2.0041,2.9104,1.5852
61.8937,1.0000,-2.0000,3.0000,1.5000,0.9318,-2.0056,2.9097,1.5880
61.9946,1.0000,-2.0000,3.0000,1.5000,0.9338,-2.0075,2.9088,1.5831
62.0943,1.0000,-2.0000,3.0000,1.5000,0.9359,-2.0095,2.9082,1.5726
62.1981,1.0000,-2.0000,3.0000,1.5000,0.9379,-2.0085,2.9052,1.5661
62.2982,1.0000,-2.0000,3.0000,1.5000,0.9402,-2.0114,2.9069,1.5584
62.3981,1.0000,-2.0000,3.0000,1.5000,0.9420,-2.0116,2.9065,1.5549
62.4987,1.0000,-2.0000,3.0000,1.5000,0.9438,-2.0119,2.9068,1.5501
62.5996,1.0000,-2.0000,3.0000,1.5000,0.9451,-2.0116,2.9069,1.5457
62.6988,1.0000,-2.0000,3.0000,1.5000,0.9462,-2.0104,2.9071,1.5456
62.7981,1.0000,-2.0000,3.0000,1.5000,0.9470,-2.0091,2.9074,1.5461
62.8998,1.0000,-2.0000,3.0000,1.5000,0.9480,-2.0076,2.9084,1.5445
63.0033,1.0000,-2.0000,3.0000,1.5000,0.9491,-2.0049,2.9083,1.5470
63.1060,1.0000,-2.0000,3.0000,1.5000,0.9501,-2.0024,2.9083,1.5472
63.2083,1.0000,-2.0000,3.0000,1.5000,0.9510,-1.9997,2.9081,1.5470
63.3105,1.0000,-2.0000,3.0000,1.5000,0.9518,-1.9969,2.9081,1.5491
63.4140,1.0000,-2.0000,3.0000,1.5000,0.9527,-1.9939,2.9076,1.5492
63.5124,1.0000,-2.0000,3.0000,1.5000,0.9542,-1.9922,2.9079,1.5481
63.6222,1.0000,-2.0000,3.0000,1.5000,0.9563,-1.9906,2.9076,1.5514
63.7197,1.0000,-2.0000,3.0000,1.5000,0.9595,-1.9892,2.9076,1.5594
63.8224,1.0000,-2.0000,3.0000,1.5000,0.9627,-1.9890,2.9082,1.5605
63.9247,1.0000,-2.0000,3.0000,3.1000,0.9663,-1.9887,2.9088,1.5668
64.0255,1.0000,-2.0000,3.0000,3.1000,0.9701,-1.9901,2.9099,1.5732
64.1285,1.0000,-2.0000,3.0000,3.1000,0.9730,-1.9936,2.9109,1.6243
64.2025,1.0000,-2.0000,3.0000,3.1000,0.9757,-1.9972,2.9113,1.6900
64.3021,1.0000,-2.0000,3.0000,3.1000,0.9776,-2.0024,2.9127,1.7454
64.4020,1.0000,-2.0000,3.0000,3.1000,0.9787,-2.0077,2.9141,1.8035
64.5031,1.0000,-2.0000,3.0000,3.1000,0.9793,-2.0134,2.9157,1.8645
64.6019,1.0000,-2.0000,3.0000,3.1000,0.9793,-2.0188,2.9167,1.9294
64.7023,1.0000,-2.0000,3.0000,3.1000,0.9783,-2.0260,2.9183,1.9875
64.8017,1.0000,-2.0000,3.0000,3.1000,0.9767,-2.0329,2.9187,2.0500
64.9018,1.0000,-2.0000,3.0000,3.1000,0.9749,-2.0400,2.9179,2.1107
65.0065,1.0000,-2.0000,3.0000,3.1000,0.9727,-2.0468,2.9158,2.1797
65.1025,1.0000,-2.0000,3.0000,3.1000,0.9706,-2.0532,2.9140,2.2350
65.2022,1.0000,-2.0000,3.0000,3.1000,0.9690,-2.0597,2.9124,2.2898
65.3063,1.0000,-2.0000,3.0000,3.1000,0.9678,-2.0658,2.9104,2.3501
65.4070,1.0000,-2.0000,3.0000,3.1000,0.9673,-2.0701,2.9077,2.4149
65.5059,1.0000,-2.0000,3.0000,3.1000,0.9675,-2.0742,2.9062,2.4637
65.6065,1.0000,-2.0000,3.0000,3.1000,0.9688,-2.0757,2.9038,2.5295
65.7065,1.0000,-2.0000,3.0000,3.1000,0.9698,-2.0773,2.9031,2.5856
65.8060,1.0000,-2.0000,3.0000,3.1000,0.9716,-2.0765,2.9017,2.6488
65.9075,1.0000,-2.0000,3.0000,3.1000,0.9736,-2.0759,2.9020,2.6867
66.0066,1.0000,-2.0000,3.0000,3.1000,0.9763,-2.0738,2.9025,2.7321
66.1061,1.0000,-2.0000,3.0000,3.1000,0.9796,-2.0715,2.9036,2.7688
66.2061,1.0000,-2.0000,3.0000,3.1000,0.9838,-2.0694,2.9051,2.8041
66.3060,1.0000,-2.0000,3.0000,3.1000,0.9884,-2.0676,2.9064,2.8303
66.4060,1.0000,-2.0000,3.0000,3.1000,0.9936,-2.0668,2.9077,2.8551
66.5097,1.0000,-2.0000,3.0000,3.1000,0.9991,-2.0662,2.9086,2.8753
66.6063,1.0000,-2.0000,3.0000,3.1000,1.0046,-2.0649,2.9081,2.8899
66.7100,1.0000,-2.0000,3.0000,3.1000,1.0099,-2.0650,2.9088,2.9110
66.8065,1.0000,-2.0000,3.0000,3.1000,1.0147,-2.0639,2.9087,2.9282
66.9104,1.0000,-2.0000,3.0000,3.1000,1.0198,-2.0618,2.9086,2.9468
67.0100,1.0000,-2.0000,3.0000,3.1000,1.0243,-2.0590,2.9088,2.9640
67.1099,1.0000,-2.0000,3.0000,3.1000,1.0284,-2.0555,2.9093,2.9786
67.2198,1.0000,-2.0000,3.0000,3.1000,1.0308,-2.0531,2.9096,2.9917
67.3095,1.0000,-2.0000,3.0000,3.1000,1.0354,-2.0474,2.9107,3.0053
67.4100,1.0000,-2.0000,3.0000,3.1000,1.0385,-2.0435,2.9123,3.0196
67.5092,1.0000,-2.0000,3.0000,3.1000,1.0405,-2.0403,2.9133,3.0332
67.6126,1.0000,-2.0000,3.0000,3.1000,1.0435,-2.0368,2.9146,3.0452
67.7116,1.0000,-2.0000,3.0000,3.1000,1.0463,-2.0337,2.9156,3.0611
67.8171,1.0000,-2.0000,3.0000,3.1000,1.0490,-2.0314,2.9164,3.0724
67.9191,1.0000,-2.0000,3.0000,3.1000,1.0515,-2.0299,2.9169,3.0853
68.0213,1.0000,-2.0000,3.0000,3.1000,1.0541,-2.0290,2.9176,3.0924
68.1232,1.0000,-2.0000,3.0000,3.1000,1.0570,-2.0279,2.9178,3.1000
68.2458,1.0000,-2.0000,3.0000,3.1000,1.0591,-2.0274,2.9182,3.1002
68.3286,1.0000,-2.0000,3.0000,3.1000,1.0614,-2.0263,2.9185,3.0998
68.4289,1.0000,-2.0000,3.0000,3.1000,1.0625,-2.0256,2.9185,3.0997
68.5319,1.0000,-2.0000,3.0000,3.1000,1.0638,-2.0241,2.9176,3.0994
68.6362,1.0000,-2.0000,3.0000,3.1000,1.0643,-2.0235,2.9175,3.0987
68.7439,1.0000,-2.0000,3.0000,3.1000,1.0641,-2.0222,2.9172,3.0980
68.8384,1.0000,-2.0000,3.0000,3.1000,1.0634,-2.0212,2.9170,3.0946
68.9413,1.0000,-2.0000,3.0000,3.1000,1.0621,-2.0203,2.9176,3.0964
69.0138,1.0000,-2.0000,3.0000,3.1000,1.0606,-2.0193,2.9180,3.0974
69.1140,1.0000,-2.0000,3.0000,3.1000,1.0590,-2.0184,2.9185,3.0928
69.2139,1.0000,-2.0000,3.0000,3.1000,1.0575,-2.0177,2.9193,3.0939
69.3145,1.0000,-2.0000,3.0000,3.1000,1.0556,-2.0165,2.9207,3.0974
